legalName,altraDenominazione,dataAltraDenominazione,localType,nome,cognome,intestazione,authorizedFrom,existenceRangeFromDate,existenceRangeToDate,dataNascita,dataMorte,placeRole,placeEntry,otherPlaceRole,otherPlaceEntry,professione,legalStatus,tipologiaEnte,genere,relazione_complesso
Magistrato politico economico di Trento,Magistrato civico di Trento,1814 - 1825,corporateBody,,,"Magistrato politico economico di Trento, Trento, 1825 - 1949",SIUSA,1814,1849,,,Sede,Trento,Sede,Trento,,pubblico,ente pubblico territoriale,,ca-83463
"Magistrato politico economico di Trento, Trento, 1825 - 1949",,,,,,,,,,,,,,,,,,,,
"Magistrato civico di Trento, Trento, 1814 - 1825",,,,,,,,,,,,,,,,,,,,
Magistrato civico di Trento,,,,,,,,,,,,,,,,,,,,
Commissione provinciale di censura di guerra di Mantova,,,corporateBody,,,"Commissione provinciale di censura di guerra di Mantova, Mantova, 1940 - 1945",SIUSA,1940,1945,,,Sede,Mantova,Sede,Mantova,,pubblico,stato,,ca-599837
"Commissione provinciale di censura di guerra di Mantova, Mantova, 1940 - 1945",,,,,,,,,,,,,,,,,,,,
Commissione provinciale patrioti di Trento,Ufficio provinciale patrioti di Trento,1945,corporateBody,,,"Commissione provinciale patrioti di Trento, Trento, 1946",SIUSA,1945,1946,,,Sede,Trento,Sede,Trento,,pubblico,stato,,ca-599842
"Commissione provinciale patrioti di Trento, Trento, 1946",,,,,,,,,,,,,,,,,,,,
"Ufficio provinciale patrioti di Trento, Trento, 1945",,,,,,,,,,,,,,,,,,,,
Ufficio provinciale patrioti di Trento,,,,,,,,,,,,,,,,,,,,
Comitato di liberazione nazionale - CLN provinciale di Trento,,,corporateBody,,,"Comitato di liberazione nazionale - CLN provinciale di Trento, Trento, 1945 - 1946",SIUSA,1945 apr 30,1946 lug,,,Sede,Trento,Sede,Trento,,pubblico,comitato di liberazione nazionale e organizzazione della Resistenza,,ca-599861
"Comitato di liberazione nazionale - CLN provinciale di Trento, Trento, 1945 - 1946",,,,,,,,,,,,,,,,,,,,
Comitato di liberazione nazionale - CLN di Levico,,,corporateBody,,,"Comitato di liberazione nazionale - CLN provinciale di Levico, Levico (Trento), 1945 - 1946",SIUSA,1945 mag,1946,,,Sede,Levico (Trento),Sede,Levico (Trento),,pubblico,comitato di liberazione nazionale e organizzazione della Resistenza,,ca-599861
"Comitato di liberazione nazionale - CLN provinciale di Levico, Levico (Trento), 1945 - 1946",,,,,,,,,,,,,,,,,,,,
Comitato di liberazione nazionale - CLN di Sanzeno,,,corporateBody,,,"Comitato di liberazione nazionale - CLN provinciale di Sanzeno, Sanzeno (Trento), 1945",SIUSA,1945 mar 10,1945 lug 10,,,Sede,Sanzeno (Trento),Sede,Sanzeno (Trento),,pubblico,comitato di liberazione nazionale e organizzazione della Resistenza,,ca-599861
"Comitato di liberazione nazionale - CLN provinciale di Sanzeno, Sanzeno (Trento), 1945",,,,,,,,,,,,,,,,,,,,
Centro studi per l'autonomia regionale - CSAR,,,corporateBody,,,"Centro studi per l'autonomia regionale - CSAR, Trento, 1945 - 1946",SIUSA,1945 lug 22,1946 feb 19,,,Sede,Trento,Sede,Trento,,pubblico,comitato di liberazione nazionale e organizzazione della Resistenza,,ca-599861
"Centro studi per l'autonomia regionale - CSAR, Trento, 1945 - 1946",,,,,,,,,,,,,,,,,,,,
Degasperi,,,person,Alfredo,Degasperi,"Degasperi, Alfredo, insegnante, giornalista, scrittore, (Bregenz 1891 - Como 1974)",SIUSA,,,1891,1974 feb 26,luogo di nascita,Bregenz (Austria),luogo di nascita,Bregenz (Austria),insegnante,,,maschile,ca-599821
Alfredo,,,,,,,,,,,,,,luogo di morte,Como,,,,,
"Degasperi, Alfredo, insegnante, giornalista, scrittore, (Bregenz 1891 - Como 1974)",,,,,,,,,,,,,,,,,,,,
Ferrari,,,person,Oreste,Ferrari,"Ferrari, Oreste, antifascista, (Ledro 1890 - Bellinzona 1962)",SIUSA,,,1890 mag 05,1962 feb 10,luogo di nascita,Ledro (Trento),luogo di nascita,Ledro (Trento),Antifascista,,,maschile,ca-599855
Oreste,,,,,,,,,,,,,,luogo di morte,Bellinzona (Svizzera),,,,,
"Ferrari, Oreste, antifascista, (Ledro 1890 - Bellinzona 1962)",,,,,,,,,,,,,,,,,,,,
Legione trentina,Legione trentina. Associazione volontari trentini della guerra 1915-1918,,corporateBody,,,"Legione trentina, Trento, 1917 - 1988",SIUSA,1917,1988,,,Sede,Trento,Sede,Trento,,privato,associazione combattentistica e d'arma,,ca-599827
"Legione trentina, Trento, 1917 - 1988",,,,,,,,,,,,,,,,,,,,
Legione trentina. Associazione volontari trentini della guerra 1915-1918,,,,,,,,,,,,,,,,,,,,
Legione trentina. Associazione fra i trentini combattenti nel Regio Esercito,,,,,,,,,,,,,,,,,,,,
Legione trentina. Gruppo di Riva del Garda,Legione trentina. Associazione fra i trentini combattenti nel Regio Esercito,,corporateBody,,,"Legione trentina. Gruppo di Riva del Garda, Riva del Garda (Trento), 1919 - sec. XX seconda metà",SIUSA,1919,sec. XX seconda metà,,,Sede,Riva del Garda (Trento),Sede,Riva del Garda (Trento),,privato,associazione combattentistica e d'arma,,ca-603252
"Legione trentina. Gruppo di Riva del Garda, Riva del Garda (Trento), 1919 - sec. XX seconda metà",,,,,,,,,,,,,,,,,,,,
Legione trentina. Associazione fra i trentini combattenti nel Regio Esercito,,,,,,,,,,,,,,,,,,,,
Pedrolli,,,person,Bruno,Pedrolli,"Pedrolli, Bruno, partigiano, (1919 - 1989)",SIUSA,,,1919,1989,luogo di nascita,non indicato,luogo di nascita,non indicato,partigiano,,,maschile,ca-599860
Bruno,,,,,,,,,,,,,,,,,,,,
"Pedrolli, Bruno, partigiano, (1919 - 1989)",,,,,,,,,,,,,,,,,,,,
Pedrolli,,,person,Fortunato,Pedrolli,"Pedrolli, Fortunato, antifascista, (1883 - 1960)",SIUSA,,,1883,1960,luogo di nascita,non indicato,luogo di nascita,non indicato,,,,maschile,ca-599860
Fortunato,,,,,,,,,,,,,,,,,,,,
"Pedrolli, Fortunato, antifascista, (1883 - 1960)",,,,,,,,,,,,,,,,,,,,
Radice,,,person,Antonio,Radice,"Radice, Antonio, insegnante, (Bronte 1917 - Trento 2001)",SIUSA,,,1917,2001 mag 08,luogo di nascita,Bronte (Catania),luogo di nascita,Bronte (Catania),,,,maschile,ca-603253
Antonio,,,,,,,,,,,,,,luogo di morte,Trento,,,,,
"Radice, Antonio, insegnante, (Bronte 1917 - Trento 2001)",,,,,,,,,,,,,,,,,,,,
Strobele,,,person,Giovanni,Strobele,"Strobele, Giovanni, alpinista, (Castel Ivano 1895 - Trento 1976)",SIUSA,,,1895 giu 19,1976 mar 27,luogo di nascita,Castel Ivano (Trento),luogo di nascita,Castel Ivano (Trento),alpinista,,,maschile,ca-599851
Giovanni,,,,,,,,,,,,,,luogo di morte,Trento,,,,,
"Strobele, Giovanni, alpinista, (Castel Ivano 1895 - Trento 1976)",,,,,,,,,,,,,,,,,,,,
Comune di Albiano,Comunità di Albiano,sec. XIV - 1810,corporateBody,,,"Comune di Albiano, Albiano (Trento), sec. XIV -",SIUSA,sec. XIV,,,,Sede,Albiano (Trento),Sede,Albiano (Trento),,pubblico,ente pubblico territoriale,,ca-73060
"Comune di Albiano, Albiano (Trento), sec. XIV -",,,,,,,,,,,,,,,,,,,,
Comunità di Albiano,,,,,,,,,,,,,,,,,,,,
Comune di Trento,,,corporateBody,,,"Comune di Trento, Trento, sec. XIII -",SIUSA,sec. XIII,,,,Sede,Trento,Sede,Trento,,pubblico,preunitario,,ca-83681
"Comune di Trento, Trento, sec. XIII -",,,,,,,,,,,,,,,,,,,,
Ospedale psichiatrico di Pergine Valsugana,Tiroler Landes-Irrenanstalt Pergine,1882 - 1920,corporateBody,,,"Ospedale psichiatrico di Pergine Valsugana, Pergine Valsugana (Trento), 1882 - 2002",SIUSA,1882 set 19,2002 ott 29,,,Sede,Pergine Valsugana (Trento),Sede,Pergine Valsugana (Trento),,pubblico,ente sanitario,,ca-10447
"Ospedale psichiatrico di Pergine Valsugana, Pergine Valsugana (Trento), 1882 - 2002",,,,,,,,,,,,,,,,,,,,
Tiroler Landes-Irrenanstalt Pergine,,,,,,,,,,,,,,,,,,,,
Manicomio provinciale tirolese di Pergine Valsugana,,,,,,,,,,,,,,,,,,,,
Ospedale provinciale della Venezia Tridentina,,,,,,,,,,,,,,,,,,,,
Ospedale psichiatrico della Provincia di Trento,,,,,,,,,,,,,,,,,,,,
Calamandrei,,,person,Piero,Calamandrei,"Calamandrei, Piero, giurista, insegnante, pubblicista, antifascista, politico, (Firenze 1889 - Firenze 1956)",SIUSA,,,1889 apr 21,1956 set 27,luogo di nascita,Firenze,luogo di nascita,Firenze,Avvocato,,,maschile,ca-599832
Piero,,,,,,,,,,,,,,luogo di morte,Firenze,,,,,
"Calamandrei, Piero, giurista, insegnante, pubblicista, antifascista, politico, (Firenze 1889 - Firenze 1956)",,,,,,,,,,,,,,,,,,,,
De Gasperi,"Degasperi, Alcide",,person,Alcide,De Gasperi,"De Gasperi, Alcide, giornalista, politico, (Pieve Tesino, 1881 - Borgo Valsugana, 1954)",SIUSA,,,1881 apr 03,1954 ago 19,luogo di nascita,Pieve Tesino (Trento),luogo di nascita,Pieve Tesino (Trento),Giornalista,,,maschile,ca-593719
Alcide,,,,,,,,,,,,,,luogo di morte,Borgo Valsugana (Trento),,,,,
"De Gasperi, Alcide, giornalista, politico, (Pieve Tesino, 1881 - Borgo Valsugana, 1954)",,,,,,,,,,,,,,,,,,,,
"Degasperi, Alcide",,,,,,,,,,,,,,,,,,,,
C. De Poli Clerici,,,,,,,,,,,,,,,,,,,,
Rerum scriptor,,,,,,,,,,,,,,,,,,,,
Spectator,,,,,,,,,,,,,,,,,,,,
Silentiarius,,,,,,,,,,,,,,,,,,,,
Zanatta,,,,,,,,,,,,,,,,,,,,
Istituto nazionale della previdenza sociale. Agenzia di produzione di Riva del Garda,INPS. Agenzia di produzione di Riva del Garda,dal luglio 1998,corporateBody,,,"Istituto nazionale della previdenza sociale. Centro operativo di Riva del Garda, Riva del Garda (Trento), 1994 - 1998",SIUSA,1994 set,,,,Sede,Riva del Garda (Trento),Sede,Riva del Garda (Trento),,pubblico,"ente di credito, assicurativo, previdenziale",,ca-326749
"Istituto nazionale della previdenza sociale. Centro operativo di Riva del Garda, Riva del Garda (Trento), 1994 - 1998",,,,,,,,,,,,,,,,,,,,
"Istituto nazionale della previdenza sociale. Agenzia di produzione di Riva del Garda, Riva del Garda (Trento), 1998 -",,,,,,,,,,,,,,,,,,,,
"INPS. Agenzia di produzione di Riva del Garda, Riva del Garda (Trento), 1998 -",,,,,,,,,,,,,,,,,,,,
INPS. Agenzia di produzione di Riva del Garda,,,,,,,,,,,,,,,,,,,,
INPS. Centro operativo di Riva del Garda,,,,,,,,,,,,,,,,,,,,
Disertori,,,person,Giuseppe,Disertori,"Disertori, Giuseppe, psichiatra, filosofo, politico, scrittore, (Trento 1907 - 1992)",SIUSA,,,1907 giu 19,1992 mag 05,luogo di nascita,Trento,luogo di nascita,Trento,"psichiatra, filosofo, politico, scrittore",,,maschile,ca-352594
Giuseppe,,,,,,,,,,,,,,luogo di morte,Trento,,,,,
Beppino,,,,,,,,,,,,,,,,,,,,
"Disertori, Giuseppe, psichiatra, filosofo, politico, scrittore, (Trento 1907 - 1992)",,,,,,,,,,,,,,,,,,,,
Lorenzi,,,person,Giovanni,Lorenzi,"Lorenzi, Giovanni, ingegnere, (Lavis 1901 - Trento 1962)",SIUSA,,,1901 gen 16,1962 nov 26,luogo di nascita,Lavis (Trento),luogo di nascita,Lavis (Trento),Ingegnere,,,maschile,ca-359809
Giovanni,,,,,,,,,,,,,,luogo di morte,Trento,,,,,
"Lorenzi, Giovanni, ingegnere, (Lavis 1901 - Trento 1962)",,,,,,,,,,,,,,,,,,,,
Ciocca,,,person,Gaetano,Ciocca,"Ciocca, Gaetano, ingegnere, (Pavia 1882 - Pavia 1966)",SIUSA,,,1882 giu 27,1966 ott 31,luogo di nascita,Pavia,luogo di nascita,Pavia,"Ingegnere, inventore, saggista",,,maschile,ca-359820
Gaetano,,,,,,,,,,,,,,luogo di morte,Pavia,,,,,
"Ciocca, Gaetano, ingegnere, (Pavia 1882 - Pavia 1966)",,,,,,,,,,,,,,,,,,,,
De Giorgio,,,person,Quirino,De Giorgio,"De Giorgio, Quirino, architetto, (Palmanova 1907 - Abano Terme 1997)",SIUSA,,,1907 dic 27,1997 apr 19,luogo di nascita,Palmanova (Udine),luogo di nascita,Palmanova (Udine),Architetto,,,maschile,ca-359825
Quirino,,,,,,,,,,,,,,luogo di morte,Abano Terme (Padova),,,,,
"De Giorgio, Quirino, architetto, (Palmanova 1907 - Abano Terme 1997)",,,,,,,,,,,,,,,,,,,,
Impresa costruzioni edilizie Amitrano,,,corporateBody,,,"Impresa costruzioni edilizie Amitrano, Capri (Napoli), [1938 ante] - 1991",SIUSA,sec. XX inizio,,,,Sede,Capri (Napoli),Sede,Capri (Napoli),,,,,ca-359843
"Impresa costruzioni edilizie Amitrano, Capri (Napoli), [1938 ante] - 1991",,,,,,,,,,,,,,,,,,,,
Toniolatti,,,person,Giorgia,Toniolatti,"Toniolatti, Giorgia, architetto, (Trento 1927 - Rovereto 2003)",SIUSA,,,1927 dic 02,2003 set 12,luogo di nascita,Trento,luogo di nascita,Trento,Architetto,,,femminile,ca-359847
Giorgia,,,,,,,,,,,,,,luogo di morte,Rovereto,,,,,
"Toniolatti, Giorgia, architetto, (Trento 1927 - Rovereto 2003)",,,,,,,,,,,,,,,,,,,,
Mansutti,,,person,Francesco,Mansutti,"Mansutti, Francesco, architetto, ingegnere, (Porto Viro 1899 - Padova 1969)",SIUSA,,,1899 ago 20,1969 mar 18,luogo di nascita,Porto Viro (Rovigo),luogo di nascita,Porto Viro (Rovigo),"Architetto, ingegnere",,,maschile,ca-359849
Francesco,,,,,,,,,,,,,,luogo di morte,Padova,,,,,
"Mansutti, Francesco, architetto, ingegnere, (Porto Viro 1899 - Padova 1969)",,,,,,,,,,,,,,,,,,,,
Miozzo,,,person,Gino,Miozzo,"Miozzo, Gino, architetto, ingegnere, (Padova 1898 - Padova 1969)",SIUSA,,,1898 ott 18,1969 ott 20,luogo di nascita,Padova,luogo di nascita,Padova,"Architetto, ingegnere",,,maschile,ca-359849
Gino,,,,,,,,,,,,,,luogo di morte,Padova,,,,,
"Miozzo, Gino, architetto, ingegnere, (Padova 1898 - Padova 1969)",,,,,,,,,,,,,,,,,,,,
Mazzoni,,,person,Angiolo,Mazzoni,"Mazzoni, Angiolo, architetto,  (Bologna 1894 - Roma 1979)",SIUSA,,,1894 mag 21,1979 set 29,luogo di nascita,Bologna,luogo di nascita,Bologna,Architetto,,,maschile,ca-359851
Angiolo,,,,,,,,,,,,,,luogo di morte,Roma,,,,,
"Mazzoni, Angiolo, architetto,  (Bologna 1894 - Roma 1979)",,,,,,,,,,,,,,,,,,,,
Perghem Gelmi,,,person,Michelangelo,Perghem Gelmi,"Perghem Gelmi, Michelangelo, ingegnere, (Innsbruck 1911 - Trento 1992)",SIUSA,,,1911 dic 11,1992 ago 01,luogo di nascita,Innsbruck,luogo di nascita,Innsbruck,Ingegnere,,,maschile,ca-359852
Michelangelo,,,,,,,,,,,,,,luogo di morte,Trento,,,,,
"Perghem Gelmi, Michelangelo, ingegnere, (Innsbruck 1911 - Trento 1992)",,,,,,,,,,,,,,,,,,,,
Sottsass,,,person,Ettore,Sottsass,"Sottsass, Ettore, architetto, (Nave San Rocco 1892 - Torino 1953)",SIUSA,,,1892 apr 12,1953 ott 05,luogo di nascita,Nave San Rocco (Trento),luogo di nascita,Nave San Rocco (Trento),Architetto,,,maschile,ca-359853
Ettore,,,,,,,,,,,,,,luogo di morte,Torino,,,,,
"Sottsass, Ettore, architetto, (Nave San Rocco 1892 - Torino 1953)",,,,,,,,,,,,,,,,,,,,
Anzoletti,,,person,Luisa,Anzoletti,"Anzoletti, Luisa, (Trento 1863 - Trento 1925)",SIUSA,,,1863 apr 09,1925 set 19,luogo di nascita,Trento,luogo di nascita,Trento,,,,femminile,ca-415059
Luisa,,,,,,,,,,,,,,luogo di morte,Trento,,,,,
"Anzoletti, Luisa, (Trento 1863 - Trento 1925)",,,,,,,,,,,,,,,,,,,,
Bonelli,,,person,Antonietta,Bonelli,"Bonelli, Antonietta, (Trento 1866 - Trento 1963)",SIUSA,,,1866 gen 17,1963 dic 31,luogo di nascita,Trento,luogo di nascita,Trento,,,,femminile,ca-415169
Antonietta,,,,,,,,,,,,,,luogo di morte,Trento,,,,,
"Bonelli, Antonietta, (Trento 1866 - Trento 1963)",,,,,,,,,,,,,,,,,,,,
Mazzi Kargruber,,,person,Maria,Mazzi Kargruber,"Mazzi Kargruber, Maria, (Riva del Garda 1874 - Trento 1968)",SIUSA,,,1874 gen 16,1968 giu 29,luogo di nascita,Riva del Garda (Trento),luogo di nascita,Riva del Garda (Trento),,,,femminile,ca-415173
Maria,,,,,,,,,,,,,,luogo di morte,Trento,,,,,
"Mazzi Kargruber, Maria, (Riva del Garda 1874 - Trento 1968)",,,,,,,,,,,,,,,,,,,,
Turco,,,person,Giulia,Turco,"Turco Lazzari, Giulia, (Trento 1948 - Trento 1912)",SIUSA,,,1848 apr 01,1912 ago 03,luogo di nascita,Trento,luogo di nascita,Trento,,,,femminile,ca-415174
Giulia,,,,,,,,,,,,,,luogo di morte,Trento,,,,,
"Turco Lazzari, Giulia, (Trento 1948 - Trento 1912)",,,,,,,,,,,,,,,,,,,,
Opera nazionale di assistenza all'infanzia delle regioni di confine - ONAIRC di Trento,Opera nazionale di assistenza all'Italia redenta - ONAIR,1919-1960,corporateBody,,,"Opera nazionale di assistenza all'infanzia delle regioni di confine - ONAIRC di Trento, Trento, 1919 - 1977",SIUSA,1919,1977,,,Sede,Trento,Sede,Trento,,pubblico,ente di assistenza e beneficenza,,ca-415334
"Opera nazionale di assistenza all'infanzia delle regioni di confine - ONAIRC di Trento, Trento, 1919 - 1977",,,,,,,,,,,,,,,,,,,,
Opera nazionale di assistenza all'Italia redenta - ONAIR,,,,,,,,,,,,,,,,,,,,
Angelini,,,person,Maria Carolina,Angelini,"Angelini, Maria Carolina, (Godiasco 1869 - Godiasco 1942)",SIUSA,,,1869 giu 26,1942 gen 30,luogo di nascita,Godiasco (Pavia),luogo di nascita,Godiasco (Pavia),,,,femminile,ca-415282
Maria Carolina,,,,,,,,,,,,,,luogo di morte,Godiasco (Pavia),,,,,
Marietta,,,,,,,,,,,,,,,,,,,,
"Angelini, Maria Carolina, (Godiasco 1869 - Godiasco 1942)",,,,,,,,,,,,,,,,,,,,
"Angelini, Marietta, (Godiasco 1869 - Godiasco 1942)",,,,,,,,,,,,,,,,,,,,
Angelini,,,person,Maria Carmela,Angelini,"Angelini, Maria Carmela, (Godiasco 1882 - Godiasco 1926)",SIUSA,,,1882 lug 05,1926 mar 10,luogo di nascita,Godiasco (Pavia),luogo di nascita,Godiasco (Pavia),,,,femminile,ca-415282
Maria Carmela,,,,,,,,,,,,,,luogo di morte,Godiasco (Pavia),,,,,
Nina,,,,,,,,,,,,,,,,,,,,
"Angelini, Maria Carmela, (Godiasco 1882 - Godiasco 1926)",,,,,,,,,,,,,,,,,,,,
"Angelini, Nina, (Godiasco 1882 - Godiasco 1926)",,,,,,,,,,,,,,,,,,,,
Opera nazionale di assistenza all'infanzia delle regioni di confine - ONAIRC di Bolzano,Opera nazionale di assistenza all'Italia redenta - ONAIR di Bolzano,1928 - 1960,corporateBody,,,"Opera nazionale di assistenza all'infanzia delle regioni di confine - ONAIRC di Bolzano,  Bolzano, 1928 - 1977",SIUSA,1928,1977,,,Sede,Bolzano,Sede,Bolzano,,pubblico,ente pubblico territoriale,,ca-415334
"Opera nazionale di assistenza all'infanzia delle regioni di confine - ONAIRC di Bolzano,  Bolzano, 1928 - 1977",,,,,,,,,,,,,,,,,,,,
Opera nazionale di assistenza all'Italia redenta - ONAIR di Bolzano,,,,,,,,,,,,,,,,,,,,
Censi,,,person,Giannina,Censi,"Censi, Giannina, danzatrice, coreografa, (Milano 1913 - Voghera 1995)",SIUSA,,,1913 gen 25,1995 mag 05,luogo di nascita,Milano,luogo di nascita,Milano,"Danzatrice, coreografa",,,femminile,ca-415372
Giannina,,,,,,,,,,,,,,luogo di morte,Voghera (Pavia),,,,,
"Censi, Giannina, danzatrice, coreografa, (Milano 1913 - Voghera 1995)",,,,,,,,,,,,,,,,,,,,
Gaifas,,,person,Elena,Gaifas,"Gaifas, Elena, gallerista, (Milano 1916 - Rovereto 1997)",SIUSA,,,1916 feb 10,1997 dic 13,luogo di nascita,Milano,luogo di nascita,Milano,Gallerista,,,femminile,ca-415380
Elena,,,,,,,,,,,,,,luogo di morte,Rovereto (Trento),,,,,
"Gaifas, Elena, gallerista, (Milano 1916 - Rovereto 1997)",,,,,,,,,,,,,,,,,,,,
Galleria Delfino,,,corporateBody,,,"Galleria Delfino, Rovereto, 1943 - 1990",SIUSA,1943 dic 18,1990 giu 30,,,Sede,Rovereto (Trento),Sede,Rovereto (Trento),,privato,ente economico/impresa,,ca-415380
"Galleria Delfino, Rovereto, 1943 - 1990",,,,,,,,,,,,,,,,,,,,
Kutinceff,Kutinceff Pancheri Mara,,person,Mara,Kutinceff,"Kutinceff Pancheri, Mara, gallerista, (Livorno 1929 - )",SIUSA,,,,,luogo di nascita,Livorno,luogo di nascita,Livorno,gallerista,,,femminile,ca-415399
Mara,,,,,,,,,,,,,,,,,,,,
"Kutinceff Pancheri, Mara, gallerista, (Livorno 1929 - )",,,,,,,,,,,,,,,,,,,,
Kutinceff Pancheri Mara,,,,,,,,,,,,,,,,,,,,
Galleria Pancheri,Bottega d'Arte,1960 - 1971 (?),corporateBody,,,"Galleria Pancheri, Rovereto, 1960 - 1994",SIUSA,1960,1994,,,Sede,Rovereto (Trento),Sede,Rovereto (Trento),,privato,ente economico/impresa,,ca-415399
"Galleria Pancheri, Rovereto, 1960 - 1994",,,,,,,,,,,,,,,,,,,,
"Bottega d'Arte, Rovereto, 1960 - 1971 (?)",,,,,,,,,,,,,,,,,,,,
Bottega d'Arte,,,,,,,,,,,,,,,,,,,,
Severini,,,person,Gino,Severini,"Severini, Gino, (Cortona 1883 - Parigi 1966)",SIUSA,,,1883 apr 04,1966 feb 26,luogo di nascita,Cortona (Arezzo),luogo di nascita,Cortona (Arezzo),Pittore e critico d'arte,,,maschile,ca-415515
Gino,,,,,,,,,,,,,,luogo di morte,Parigi,,,,,
"Severini, Gino, (Cortona 1883 - Parigi 1966)",,,,,,,,,,,,,,,,,,,,
Fort,,,person,Jeanne,Fort,"Fort Severini, Jeanne, (Parigi 1897 - Roma 1992)",SIUSA,,,1897 giu 16,1992 gen 22,luogo di nascita,Parigi,luogo di nascita,Parigi,,,,femminile,ca-415515
Jeanne,,,,,,,,,,,,,,luogo di morte,Roma,,,,,
"Fort Severini, Jeanne, (Parigi 1897 - Roma 1992)",,,,,,,,,,,,,,,,,,,,
Severini,,,person,Gina,Severini,"Severini Franchina, Gina, (Parigi 1915 - Roma 2004)",SIUSA,,,1915 gen 25,2004 ago 03,luogo di nascita,Parigi,luogo di nascita,Parigi,,,,femminile,ca-415515
Gina,,,,,,,,,,,,,,luogo di morte,Roma,,,,,
"Severini Franchina, Gina, (Parigi 1915 - Roma 2004)",,,,,,,,,,,,,,,,,,,,
Depero,,,person,Fortunato,Depero,"Depero, Fortunato, artista, (Fondo 1892 - Rovereto 1960)",SIUSA,,,1892 mar 30,1960 nov 29,luogo di nascita,Fondo (Trento),luogo di nascita,Fondo (Trento),"Pittore, scultore, scenografo, grafico pubblicitario, designer",,,maschile,ca-415753
Fortunato,,,,,,,,,,,,,,luogo di morte,Rovereto (Trento),,,,,
"Depero, Fortunato, artista, (Fondo 1892 - Rovereto 1960)",,,,,,,,,,,,,,,,,,,,
Amadori,,,person,Rosetta,Amadori,"Amadori Depero, Rosetta, (Rovereto 1893 - 1976)",SIUSA,,,1893 mar 13,1976 ago 15,luogo di nascita,Rovereto (Trento),luogo di nascita,Rovereto (Trento),,,,femminile,ca-415753
Rosetta,,,,,,,,,,,,,,luogo di morte,Rovereto (Trento),,,,,
"Amadori Depero, Rosetta, (Rovereto 1893 - 1976)",,,,,,,,,,,,,,,,,,,,
Russolo,,,person,Luigi,Russolo,"Russolo, Luigi, pittore, (Portogruaro 1885 - Cerro di Laveno 1947)",SIUSA,,,1885 mag 07,1947 feb 04,luogo di nascita,Portogruaro (Venezia),luogo di nascita,Portogruaro (Venezia),"Pittore, artista, musicista, filosofo",,,maschile,ca-416084
Luigi,,,,,,,,,,,,,,luogo di morte,Cerro di Laveno (Varese),,,,,
"Russolo, Luigi, pittore, (Portogruaro 1885 - Cerro di Laveno 1947)",,,,,,,,,,,,,,,,,,,,
Zanovello,Zanovello Russolo Maria,,person,Maria,Zanovello,"Zanovello Russolo, Maria, (Milano 1876 - Laveno 1964)",SIUSA,,,1876 gen 18,1964 feb 29,luogo di nascita,Milano,luogo di nascita,Milano,"Insegnante, promotrice culturale",,,femminile,ca-416084
Maria,,,,,,,,,,,,,,luogo di morte,Laveno (Varese),,,,,
"Zanovello Russolo, Maria, (Milano 1876 - Laveno 1964)",,,,,,,,,,,,,,,,,,,,
Zanovello Russolo Maria,,,,,,,,,,,,,,,,,,,,
"Boccato, famiglia",,,family,,,"Boccato, famiglia, (1964 - 2004)",SIUSA,,,,,,,,,,,,,ca-416084
"Boccato, famiglia, (1964 - 2004)",,,,,,,,,,,,,,,,,,,,
"Boccato, Bruno, (1911 - Como 2003)",,,,,,,,,,,,,,,,,,,,
"Boccato Menegon, Nori, (1915 - Como 2006)",,,,,,,,,,,,,,,,,,,,
Federazione Italiana Donne Arti Professioni Affari - FIDAPA di Trento,International Federation of Business and Professional Women - BPW Italy,,corporateBody,,,"Federazione Italiana Donne Arti Professioni Affari - FIDAPA di Trento, Trento, 1965 -",SIUSA,1965 mag 21,,,,Sede,Trento,Sede,Trento,,privato,"ordine professionale, associazione di categoria",,ca-416166
"Federazione Italiana Donne Arti Professioni Affari - FIDAPA di Trento, Trento, 1965 -",,,,,,,,,,,,,,,,,,,,
International Federation of Business and Professional Women - BPW Italy,,,,,,,,,,,,,,,,,,,,
Grassini Sarfatti,,,person,Margherita,Grassini Sarfatti,"Grassini Sarfatti, Margherita, scrittrice, (Venezia 1880 - Cavallasca 1961)",SIUSA,,,1880 apr 08,1961 ott 30,luogo di nascita,Venezia,luogo di nascita,Venezia,"Giornalista, militante politica, scrittrice, critica d'arte e promotrice di cultura",,,femminile,ca-416237
Margherita,,,,,,,,,,,,,,luogo di morte,Cavallasca (Como),,,,,
"Grassini Sarfatti, Margherita, scrittrice, (Venezia 1880 - Cavallasca 1961)",,,,,,,,,,,,,,,,,,,,
Ghidini,"Ghidini Denza, Tullia",,person,Tullia,Ghidini,"Ghidini Denza, Tullia, collezionista, (Rezzato 1921 - Brescia 2012)",SIUSA,,,1921 apr 16,2012 feb 20,luogo di nascita,Rezzato (Brescia),luogo di nascita,Rezzato (Brescia),"Collezionista, promotrice culturale.",,,femminile,ca-416238
Tullia,,,,,,,,,,,,,,luogo di morte,Brescia,,,,,
"Ghidini Denza, Tullia, collezionista, (Rezzato 1921 - Brescia 2012)",,,,,,,,,,,,,,,,,,,,
"Ghidini Denza, Tullia",,,,,,,,,,,,,,,,,,,,
"Denza, Tullia",,,,,,,,,,,,,,,,,,,,
Danon,,,person,Betty,Danon,"Danon, Betty, artista, (Istanbul 1927 - Milano 2002)",SIUSA,,,1927,2002 apr 23,luogo di nascita,Istanbul,luogo di nascita,Istanbul,"Artista, promotrice culturale",,,femminile,ca-416294
Betty,,,,,,,,,,,,,,luogo di morte,Milano,,,,,
"Danon, Betty, artista, (Istanbul 1927 - Milano 2002)",,,,,,,,,,,,,,,,,,,,
Bittanti,,,person,Ernesta,Bittanti,"Bittanti Battisti, Ernesta, intellettuale, (Brescia 1871 - Trento 1957)",SIUSA,,,1871 mag 05,1957 ott 05,luogo di nascita,Brescia,luogo di nascita,Brescia,"insegnante, giornalista, scrittrice, politico",,,femminile,ca-416309
Ernesta,,,,,,,,,,,,,,luogo di morte,Trento,,,,,
e.b.b.; Viatrix; Fides; pathos; un cittadino socialista; Il quaresimalista,,,,,,,,,,,,,,,,,,,,
"Bittanti Battisti, Ernesta, intellettuale, (Brescia 1871 - Trento 1957)",,,,,,,,,,,,,,,,,,,,
Battisti,,,person,Cesare,Battisti,"Battisti, Cesare, giornalista, geografo, politico, (Trento 1875 - Trento 1916)",SIUSA,,,1875 feb 04,1916 lug 12,luogo di nascita,Trento,luogo di nascita,Trento,"Patriota, giornalista, geografo, politico socialista e irredentista italiano",,,maschile,ca-416309
Cesare,,,,,,,,,,,,,,luogo di morte,Trento,,,,,
"Battisti, Cesare, giornalista, geografo, politico, (Trento 1875 - Trento 1916)",,,,,,,,,,,,,,,,,,,,
Rizzi,Rizzi Beatrice,,person,Bice,Rizzi,"Rizzi, Bice, (San Bernardo 1894 - Trento 1982)",SIUSA,,,1894 ago 26,1982 apr 27,luogo di nascita,San Bernardo di Rabbi (Trento),luogo di nascita,San Bernardo di Rabbi (Trento),"Irredentista
Direttrice del Museo del Risorgimento e della lotta per la libertà di Trento",,,femminile,ca-416301
Bice,,,,,,,,,,,,,,luogo di morte,Trento,,,,,
"Rizzi, Bice, (San Bernardo 1894 - Trento 1982)",,,,,,,,,,,,,,,,,,,,
"Rizzi, Beatrice, (San Bernardo di Rabbi 1894 - Trento 1982)",,,,,,,,,,,,,,,,,,,,
Rizzi Beatrice,,,,,,,,,,,,,,,,,,,,
Pedrotti,,,person,Maria,Pedrotti,"Pedrotti Regazzola, Maria, (Trento 1904 - Trento 1987)",SIUSA,,,1904,1987,luogo di nascita,Trento,luogo di nascita,Trento,,,,femminile,ca-416311
Maria,,,,,,,,,,,,,,luogo di morte,Trento,,,,,
"Pedrotti Regazzola, Maria, (Trento 1904 - Trento 1987)",,,,,,,,,,,,,,,,,,,,
Regazzola,,,person,Luigi,Regazzola,"Regazzola, Luigi, (Este 1889 - Brescia 1950)",SIUSA,,,1889 mag 30,1950 set 15,luogo di nascita,Este,luogo di nascita,Este,,,,maschile,ca-416311
Luigi,,,,,,,,,,,,,,luogo di morte,Brescia,,,,,
"Regazzola, Luigi, (Este 1889 - Brescia 1950)",,,,,,,,,,,,,,,,,,,,
Manifattura Tabacchi di Borgo Sacco/Rovereto,Fabbrica Tabacchi di Rovereto,1854 - 1998,corporateBody,,,"Manifattura Tabacchi, Borgo Sacco/Rovereto, 1854 - 1999",SIUSA,1854,2008,,,Sede,Borgo Sacco (Rovereto),Sede,Borgo Sacco (Rovereto),,pubblico,preunitario,,ca-416315
"Manifattura Tabacchi, Borgo Sacco/Rovereto, 1854 - 1999",,,,,,,,,,,,,,,,,,,,
Fabbrica Tabacchi di Rovereto,,,,,,,,,,,,,,,,,,,,
Ente Tabacchi Italiano - ETI di Rovereto,,,,,,,,,,,,,,,,,,,,
British American Tobacco Italia s.p.a. di Rovereto,,,,,,,,,,,,,,,,,,,,
Ardizzone Emeri,Emeri Andreina,,person,Andreina,Ardizzone Emeri,"Ardizzone Emeri Andreina, femminista, (Bolzano 1936 - Capo Nord 1985)",SIUSA,,,1936 feb 01,1985 lug 30,luogo di nascita,Bolzano,luogo di nascita,Bolzano,"femminista, avvocato e politica sudtirolese",,,femminile,ca-416333
Andreina,,,,,,,,,,,,,,luogo di morte,Capo Nord (Norvegia),,,,,
"Ardizzone Emeri Andreina, femminista, (Bolzano 1936 - Capo Nord 1985)",,,,,,,,,,,,,,,,,,,,
Emeri Andreina,,,,,,,,,,,,,,,,,,,,
Associazione Italiana per l'Educazione Demografica - AIED di Bolzano. Sezione Andreina Emeri,Associazione Italiana per l'Educazione Demografica - AIED di Bolzano,1973 - 1992,corporateBody,,,"Associazione Italiana per l'Educazione Demografica - AIED di Bolzano. Sezione Andreina Emeri, Bolzano, 1973 -",SIUSA,1973,,,,Sede,Bolzano,Sede,Bolzano,,privato,"ente di cultura, ricreativo, sportivo, turistico",,ca-416357
"Associazione Italiana per l'Educazione Demografica - AIED di Bolzano. Sezione Andreina Emeri, Bolzano, 1973 -",,,,,,,,,,,,,,,,,,,,
"Associazione Italiana per l'Educazione Demografica - AIED di Bolzano, Bolzano, 1973 -",,,,,,,,,,,,,,,,,,,,
Associazione Italiana per l'Educazione Demografica - AIED di Bolzano,,,,,,,,,,,,,,,,,,,,
Gruppo Aleksandra Kollontaj,,,corporateBody,,,"Gruppo Alessandra Kollontaj, Bolzano, 1970 - 1984",SIUSA,1970,1984,,,Sede,Bolzano,Sede,Bolzano,,privato,"ente di cultura, ricreativo, sportivo, turistico",,ca-416357
"Gruppo Alessandra Kollontaj, Bolzano, 1970 - 1984",,,,,,,,,,,,,,,,,,,,
Centro Interculturale delle Donne - CID di Bolzano,,,corporateBody,,,"Centro interculturale delle Donne - CID di Bolzano, Bolzano, 2004 -",SIUSA,2004,,,,Sede,Bolzano,Sede,Bolzano,,pubblico,"ente di cultura, ricreativo, sportivo, turistico",,ca-416509
"Centro interculturale delle Donne - CID di Bolzano, Bolzano, 2004 -",,,,,,,,,,,,,,,,,,,,
"Interkulturelles Frauenzentrum - IFZ  Bozen, Bozen, 2004 -",,,,,,,,,,,,,,,,,,,,
Centro di Documentazione e Informazione della Donna di Bolzano,,,corporateBody,,,"Centro di Documentazione e Informazione della Donna, Bolzano, 1984 -",SIUSA,1984,,,,Sede,Bolzano,Sede,Bolzano,,privato,"ente di cultura, ricreativo, sportivo, turistico",,ca-416517
"Centro di Documentazione e Informazione della Donna, Bolzano, 1984 -",,,,,,,,,,,,,,,,,,,,
Battisti,,,person,Livia,Battisti,"Battisti, Livia, insegnante, politico, (Trento 1907 - Trento 1978)",SIUSA,,,1907 feb 26,1978 set 09,luogo di nascita,Trento,luogo di nascita,Trento,insegnante,,,femminile,ca-416309
Livia,,,,,,,,,,,,,,luogo di morte,Trento,,,,,
"Battisti, Livia, insegnante, politico, (Trento 1907 - Trento 1978)",,,,,,,,,,,,,,,,,,,,
Centro italiano femminile - CIF provinciale di Trento,,,corporateBody,,,"Centro italiano femminile - CIF provinciale di Trento, Trento, 1955 -",SIUSA,1955,,,,Sede,Trento,Sede,Trento,,privato,"ente di cultura, ricreativo, sportivo, turistico",,ca-486284
"Centro italiano femminile - CIF provinciale di Trento, Trento, 1955 -",,,,,,,,,,,,,,,,,,,,
Coordinamento Donne di Trento,,,corporateBody,,,"Coordinamento Donne di Trento, Trento, 1983 -",SIUSA,1983,,,,Sede,Trento,Sede,Trento,,privato,ente di assistenza e beneficenza,,ca-417656
"Coordinamento Donne di Trento, Trento, 1983 -",,,,,,,,,,,,,,,,,,,,
Soroptimist International Club di Trento,,,corporateBody,,,"Soroptimist International Club di Trento, Trento, 1987 -,",SIUSA,1987 set 19,,,,Sede,Trento,Sede,Trento,,privato,"ente di cultura, ricreativo, sportivo, turistico",,ca-417672
"Soroptimist International Club di Trento, Trento, 1987 -,",,,,,,,,,,,,,,,,,,,,
Forum delle donne,,,corporateBody,,,"Forum delle donne, Bolzano, 1998 - 2006",SIUSA,1998 nov 24,2006,,,Sede,Bolzano,Sede,Bolzano,,privato,"ente di cultura, ricreativo, sportivo, turistico",,ca-486535
"Forum delle donne, Bolzano, 1998 - 2006",,,,,,,,,,,,,,,,,,,,
Kerer,,,person,Hilde,Kerer,"Kerer Hilde, (Bressanone 1919 - )",SIUSA,,,,,luogo di nascita,Bressanone,luogo di nascita,Bressanone,,,,femminile,ca-487105
Hilde,,,,,,,,,,,,,,,,,,,,
"Kerer Hilde, (Bressanone 1919 - )",,,,,,,,,,,,,,,,,,,,
Gnecchi,,,person,Marialuisa,Gnecchi,"Gnecchi, Marialuisa, (Bolzano 1953 - )",SIUSA,,,,,luogo di nascita,Bolzano,luogo di nascita,Bolzano,sindacalista,,,femminile,ca-487278
Marialuisa,,,,,,,,,,,,,,,,,,,,
"Gnecchi, Marialuisa, (Bolzano 1953 - )",,,,,,,,,,,,,,,,,,,,
Chiocchetti,,,person,Emilio,Chiocchetti,"Chiocchetti, Emilio, filosofo, sacerdote, (Moena 1880 - Moena 1951)",SIUSA,,,1880 set 20,1951 lug 27,luogo di nascita,Moena (Trento),luogo di nascita,Moena (Trento),"filosofo, sacerdote",,,maschile,ca-487907
Emilio,,,,,,,,,,,,,,luogo di morte,Moena (Trento),,,,,
"Chiocchetti, Emilio, filosofo, sacerdote, (Moena 1880 - Moena 1951)",,,,,,,,,,,,,,,,,,,,
Società degli alpinisti tridentini - SAT,Società alpina del Trentino,1872/09/02 - 1877/04/30,corporateBody,,,"Società degli alpinisti tridentini - SAT, Trento, 1877 -",SIUSA,1872 set 02,,,,Sede,Trento,Sede,Trento,,privato,"ente di cultura, ricreativo, sportivo, turistico",,ca-593879
"Società degli alpinisti tridentini - SAT, Trento, 1877 -",,,,,,,,,,,,,,,,,,,,
"Società alpina del Trentino, Trento, 1872 - 1877",,,,,,,,,,,,,,,,,,,,
Società alpina del Trentino,,,,,,,,,,,,,,,,,,,,
Archivio storico delle donne - Bolzano,,,corporateBody,,,"Archivio storico delle donne - Bolzano, Bolzano, 2003 -",SIUSA,2003,,,,Sede,Bolzano,Sede,Bolzano,,privato,"ente di cultura, ricreativo, sportivo, turistico",,ca-513207
"Archivio storico delle donne - Bolzano, Bolzano, 2003 -",,,,,,,,,,,,,,,,,,,,
Langer,,,person,Alexander,Langer,"Langer, Alexander, politico, insegnante, (Vipiteno 1946 - Firenze 1995)",SIUSA,,,1946 feb 22,1995 lug 03,luogo di nascita,Vipiteno (BZ),luogo di nascita,Vipiteno (BZ),Insegnante,,,maschile,ca-521783
Alexander,,,,,,,,,,,,,,luogo di morte,Firenze,,,,,
"Langer, Alexander, politico, insegnante, (Vipiteno 1946 - Firenze 1995)",,,,,,,,,,,,,,,,,,,,
Tambosi,,,person,Antonio,Tambosi,"Tambosi, Antonio, amministratore locale, deputato, (Trento 1853 - Trento 1921)",SIUSA,,,1853 lug 27,1921 feb 06,luogo di nascita,Trento,luogo di nascita,Trento,"amministratore locale, deputato",,,maschile,ca-522474
Antonio,,,,,,,,,,,,,,luogo di morte,Trento,,,,,
"Tambosi, Antonio, amministratore locale, deputato, (Trento 1853 - Trento 1921)",,,,,,,,,,,,,,,,,,,,
Centro di studi alpini di Trento,Centro di studi alpini del Consiglio Nazionale delle Ricerche,1946 - [1964],corporateBody,,,"Centro di studi alpini di Trento, Trento, 1946 - [1964]",SIUSA,1946,1964,,,Sede,Trento,Sede,Trento,,pubblico,"ente di cultura, ricreativo, sportivo, turistico",,ca-522276
"Centro di studi alpini di Trento, Trento, 1946 - [1964]",,,,,,,,,,,,,,,,,,,,
Centro di studi alpini del Consiglio Nazionale delle Ricerche,,,,,,,,,,,,,,,,,,,,
Parrocchia dei Santi Filippo e Giacomo di Predazzo,,,corporateBody,,,"Parrocchia dei Santi Filippo e Giacomo di Predazzo, Predazzo (Trento), 1876 -",SIUSA,1876 set 21,,,,Sede,Predazzo (Trento),Sede,Predazzo (Trento),,enti di culto,ente e associazione della chiesa cattolica,,ca-522340
"Parrocchia dei Santi Filippo e Giacomo di Predazzo, Predazzo (Trento), 1876 -",,,,,,,,,,,,,,,,,,,,
Curazia dei Santi Filippo e Giacomo di Predazzo,,,corporateBody,,,"Curazia dei Santi Filippo e Giacomo di Predazzo, Predazzo (Trento), 1382 - 1876",SIUSA,1382 lug 28,1876 set 20,,,Sede,Predazzo (Trento),Sede,Predazzo (Trento),,enti di culto,ente e associazione della chiesa cattolica,,ca-522340
"Curazia dei Santi Filippo e Giacomo di Predazzo, Predazzo (Trento), 1382 - 1876",,,,,,,,,,,,,,,,,,,,
Menestrina,,,person,Francesco,Menestrina,"Menestrina, Francesco, docente universitario, avvocato erariale, (Trento 1872 - Trento 1961)",SIUSA,,,1872 mar 28,1961 apr 11,luogo di nascita,Trento,luogo di nascita,Trento,"docente universitario, avvocato erariale, membro di associazioni e partiti",,,maschile,ca-522349
Francesco,,,,,,,,,,,,,,luogo di morte,Trento,,,,,
"Menestrina, Francesco, docente universitario, avvocato erariale, (Trento 1872 - Trento 1961)",,,,,,,,,,,,,,,,,,,,
Parrocchia Natività di Maria di Borgo Valsugana,,,corporateBody,,,"Parrocchia Natività di Maria di Borgo Valsugana, Borgo Valsugana (Trento), 1726 -",SIUSA,sec. XI,,,,Sede,Borgo Valsugana (Trento),Sede,Borgo Valsugana (Trento),,enti di culto,ente e associazione della chiesa cattolica,,ca-522347
"Parrocchia Natività di Maria di Borgo Valsugana, Borgo Valsugana (Trento), 1726 -",,,,,,,,,,,,,,,,,,,,
Miorandi,"Sorgenti, Nino",,person,Luigi,Miorandi,"Miorandi, Luigi, letterato, (Rovereto 1893 - Rovereto 1977)",SIUSA,,,1893 lug 29,1977 apr 04,luogo di nascita,Rovereto (Trento),luogo di nascita,Rovereto (Trento),"letterato, socio dell’Accademia roveretana degli Agiati",,,maschile,ca-522383
Luigi,,,,,,,,,,,,,,luogo di morte,Rovereto (Trento),,,,,
"Miorandi, Luigi, letterato, (Rovereto 1893 - Rovereto 1977)",,,,,,,,,,,,,,,,,,,,
"Sorgenti, Nino, letterato, (Rovereto 1893 - Rovereto 1977)",,,,,,,,,,,,,,,,,,,,
"Sorgenti, Nino",,,,,,,,,,,,,,,,,,,,
Accademia roveretana degli Agiati,,,corporateBody,,,"Accademia roveretana degli Agiati, Rovereto (Trento), 1750 -",,1750,,,,Sede,Rovereto (Trento),Sede,Rovereto (Trento),,privato,"ente di cultura, ricreativo, sportivo, turistico",,ca-522471
"Accademia roveretana degli Agiati, Rovereto (Trento), 1750 -",,,,,,,,,,,,,,,,,,,,
Granello,,,person,Luigi,Granello,"Granello, Luigi, insegnante, politico, (Condino 1880 - Trento 1967)",SIUSA,,,1880 lug 22,1967 mar 08,luogo di nascita,Condino (Trento),luogo di nascita,Condino (Trento),"insegnante, politico",,,maschile,ca-522472
Luigi,,,,,,,,,,,,,,luogo di morte,Trento,,,,,
"Granello, Luigi, insegnante, politico, (Condino 1880 - Trento 1967)",,,,,,,,,,,,,,,,,,,,
Tambosi,,,person,Giovanni Battista,Tambosi,"Tambosi, Giovanni Battista, imprenditore, politico, deputato, (Trento 1821 - Trento 1900)",SIUSA,,,1821 apr 27,1900 feb 26,luogo di nascita,Trento,luogo di nascita,Trento,"Imprenditore, politico, deputato",,,maschile,ca-522474
Giovanni Battista,,,,,,,,,,,,,,luogo di morte,Trento,,,,,
"Tambosi, Giovanni Battista, imprenditore, politico, deputato, (Trento 1821 - Trento 1900)",,,,,,,,,,,,,,,,,,,,
Battisti,Battisti Luigi,,person,Gigino,Battisti,"Battisti Gigino, politico, antifascista, membro dell’Assemblea Costituente, (Trento 1901 - Sessa Aurunca 1946)",SIUSA,,,1901 apr 07,1946 dic 14,luogo di nascita,Trento,luogo di nascita,Trento,"Politico, antifascista, membro dell’Assemblea Costituente",,,maschile,ca-416309
Gigino,,,,,,,,,,,,,,luogo di morte,Sessa Aurunca (Caserta),,,,,
"Battisti Gigino, politico, antifascista, membro dell’Assemblea Costituente, (Trento 1901 - Sessa Aurunca 1946)",,,,,,,,,,,,,,,,,,,,
"Battisti Luigi, politico, antifascista, membro dell’Assemblea Costituente, (Trento 1901 - Sessa Aurunca 1946)",,,,,,,,,,,,,,,,,,,,
Battisti Luigi,,,,,,,,,,,,,,,,,,,,
Conci,,,person,Enrico,Conci,"Conci, Enrico, senatore, (Trento 1866 - Trento 1960)",SIUSA,,,1866 giu 24,1960 mar 25,luogo di nascita,Trento,luogo di nascita,Trento,"Politico, deputato della Camera di Vienna e della Dieta di Innsbruck, senatore del Regno d’Italia e della Repubblica Italiana",,,maschile,ca-522475
Enrico,,,,,,,,,,,,,,luogo di morte,Trento,,,,,
"Conci, Enrico, senatore, (Trento 1866 - Trento 1960)",,,,,,,,,,,,,,,,,,,,
Conci,,,person,Elsa,Conci,"Conci, Elsa, insegnante, politico, (Trento 1895 - Mollaro di Predaia 1965)",SIUSA,,,1895 mar 23,1965 nov 01,luogo di nascita,Trento,luogo di nascita,Trento,"Insegnante, membro del partito della Democrazia Cristiana, deputato dell’Assemblea Costituente",,,femminile,ca-522475
Elsa,,,,,,,,,,,,,,luogo di morte,Mollaro di Predaia (Trento),,,,,
"Conci, Elsa, insegnante, politico, (Trento 1895 - Mollaro di Predaia 1965)",,,,,,,,,,,,,,,,,,,,
Pedrotti,,,person,Giovanni,Pedrotti,"Pedrotti, Giovanni, possidente, (Rovereto 1867 - Andalo 1938)",SIUSA,,,1867 mag 26,1938 lug 15,luogo di nascita,Rovereto (Trento),luogo di nascita,Rovereto (Trento),"possidente, fotografo dilettante",,,maschile,ca-522510
Giovanni,,,,,,,,,,,,,,luogo di morte,Andalo (Trento),,,,,
"Pedrotti, Giovanni, possidente, (Rovereto 1867 - Andalo 1938)",,,,,,,,,,,,,,,,,,,,
Comitato diocesano per l’azione cattolica di Trento,,,corporateBody,,,"Comitato diocesano per l’azione cattolica di Trento, Trento, 1898 - 1924",SIUSA,1898,1924 mag 15,,,Sede,Trento,Sede,Trento,,privato,ente e associazione della chiesa cattolica,,ca-522519
"Comitato diocesano per l’azione cattolica di Trento, Trento, 1898 - 1924",,,,,,,,,,,,,,,,,,,,
Azione cattolica italiana - ACI. Giunta diocesana della sezione di Trento,,,corporateBody,,,"Azione cattolica italiana - ACI. Giunta diocesana della sezione di Trento, Trento, 1924 -",SIUSA,1924 mag 15,,,,Sede,Trento,Sede,Trento,,privato,ente e associazione della chiesa cattolica,,ca-522520
"Azione cattolica italiana - ACI. Giunta diocesana della sezione di Trento, Trento, 1924 -",,,,,,,,,,,,,,,,,,,,
Magnifica Comunità di Fiemme,,,corporateBody,,,"Magnifica Comunità di Fiemme, Cavalese (Trento), 1111 -",SIUSA,1111,,,,Sede,Cavalese (Trento),Sede,Cavalese (Trento),,pubblico,ente funzionale territoriale,,ca-522553
"Magnifica Comunità di Fiemme, Cavalese (Trento), 1111 -",,,,,,,,,,,,,,,,,,,,
Seminario maggiore arcivescovile di Trento,Seminario degli alunni,,corporateBody,,,"Seminario maggiore arcivescovile di Trento, Trento, 1593 -",SIUSA,1593,,,,Sede,Trento,Sede,Trento,,enti di culto,ente e associazione della chiesa cattolica,,ca-522554
"Seminario maggiore arcivescovile di Trento, Trento, 1593 -",,,,,,,,,,,,,,,,,,,,
Seminario degli alunni,,,,,,,,,,,,,,,,,,,,
Seminario teologico,,,,,,,,,,,,,,,,,,,,
Tolomei,,,person,Ettore,Tolomei,"Tolomei, Ettore, senatore, letterato, giornalista, (Rovereto 1865 - Roma 1952)",SIUSA,,,1865 ago 16,1952 mag 25,luogo di nascita,Rovereto (Trento),luogo di nascita,Rovereto (Trento),"Giornalista, senatore del Regno d’Italia, letterato, irredentista, nazionalista",,,maschile,ca-522593
Ettore,,,,,,,,,,,,,,luogo di morte,Roma,,,,,
"Tolomei, Ettore, senatore, letterato, giornalista, (Rovereto 1865 - Roma 1952)",,,,,,,,,,,,,,,,,,,,
Democrazia cristiana - DC. Comitato regionale del Trentino-Alto Adige,,,corporateBody,,,"Democrazia cristiana - DC. Comitato regionale del Trentino-Alto Adige, Trento, 1946 - 1994",SIUSA,1946,1994,,,Sede,Trento,Sede,Trento,,privato,"partito politico, organizzazione sindacale",,ca-522633
"Democrazia cristiana - DC. Comitato regionale del Trentino-Alto Adige, Trento, 1946 - 1994",,,,,,,,,,,,,,,,,,,,
Democrazia cristiana - DC. Comitato provinciale di Trento,,,corporateBody,,,"Democrazia cristiana - DC. Comitato provinciale di Trento, Trento, 1945 - 1994",SIUSA,1945,1994,,,Sede,Trento,Sede,Trento,,privato,"partito politico, organizzazione sindacale",,ca-522634
"Democrazia cristiana - DC. Comitato provinciale di Trento, Trento, 1945 - 1994",,,,,,,,,,,,,,,,,,,,
Curazia di San Giacomo di Comano Terme,,,corporateBody,,,"Curazia di San Giacomo di Comano Terme, Comano Terme (Trento), 1788 - [1997]",SIUSA,1788,1997,,,Sede,Comano Terme (Trento),Sede,Comano Terme (Trento),,enti di culto,ente e associazione della chiesa cattolica,,ca-522656
"Curazia di San Giacomo di Comano Terme, Comano Terme (Trento), 1788 - [1997]",,,,,,,,,,,,,,,,,,,,
Ciccolini,Cicolini Giovanni,,person,Giovanni,Ciccolini,"Ciccolini, Giovanni, insegnante, archivista, politico, (Terzolas 1876 - Terzolas 1949)",SIUSA,,,1876 nov 06,1949 feb 06,luogo di nascita,Terzolas (Trento),luogo di nascita,Terzolas (Trento),"Insegnante, archivista, politico",,,maschile,ca-522672
Giovanni,,,,,,,,,,,,,,luogo di morte,Terzolas (Trento),,,,,
"Ciccolini, Giovanni, insegnante, archivista, politico, (Terzolas 1876 - Terzolas 1949)",,,,,,,,,,,,,,,,,,,,
"Cicolini, Giovanni, insegnante, archivista, politico, (Terzolas 1876 - Terzolas 1949)",,,,,,,,,,,,,,,,,,,,
Cicolini Giovanni,,,,,,,,,,,,,,,,,,,,
Dalvit,,,person,Luigi,Dalvit,"Dalvit, Luigi, insegnante, politico, (Trento 1921 - Trento 1981)",SIUSA,,,1921 feb 23,1981 mar 04,luogo di nascita,Trento,luogo di nascita,Trento,"insegnante, politico",,,maschile,ca-522673
Luigi,,,,,,,,,,,,,,luogo di morte,Trento,,,,,
"Dalvit, Luigi, insegnante, politico, (Trento 1921 - Trento 1981)",,,,,,,,,,,,,,,,,,,,
Museo storico in Trento,Museo trentino del Risorgimento,1923 - 1945,corporateBody,,,"Museo storico in Trento, Trento, 1923 -",SIUSA,1923,,,,Sede,Trento,Sede,Trento,,privato,"ente di cultura, ricreativo, sportivo, turistico",,ca-599857
"Museo storico in Trento, Trento, 1923 -",,,,,,,,,,,,,,,,,,,,
Museo trentino del Risorgimento,,,,,,,,,,,,,,,,,,,,
Museo del Risorgimento e della lotta per la libertà,,,,,,,,,,,,,,,,,,,,
Museo storico italiano della guerra di Rovereto,,,corporateBody,,,"Museo storico italiano della guerra di Rovereto, Rovereto (Trento) 1921 -",SIUSA,1921,,,,Sede,Rovereto (Trento),Sede,Rovereto (Trento),,privato,"ente di cultura, ricreativo, sportivo, turistico",,ca-522675
"Museo storico italiano della guerra di Rovereto, Rovereto (Trento) 1921 -",,,,,,,,,,,,,,,,,,,,
La Nostra Autonomia. Comitato redazionale,,,corporateBody,,,"La Nostra Autonomia. Comitato redazionale, Rovereto (Trento), 1946 - 1948",SIUSA,1946 ago 10,1948 mag 13,,,Sede,Rovereto (Trento),Sede,Rovereto (Trento),,privato,,,ca-522676
"La Nostra Autonomia. Comitato redazionale, Rovereto (Trento), 1946 - 1948",,,,,,,,,,,,,,,,,,,,
Opera Campana dei caduti di Rovereto,Fondazione Campana dei caduti di Rovereto,1968 -,corporateBody,,,"Opera Campana dei caduti di Rovereto, Rovereto (Trento), 1921 - 1968",SIUSA,1921,,,,Sede,Rovereto (Trento),Sede,Rovereto (Trento),,privato,"ente di cultura, ricreativo, sportivo, turistico",,ca-522677
"Opera Campana dei caduti di Rovereto, Rovereto (Trento), 1921 - 1968",,,,,,,,,,,,,,,,,,,,
"Fondazione Campana dei caduti di Rovereto, Rovereto (Trento), 1968 -",,,,,,,,,,,,,,,,,,,,
Fondazione Campana dei caduti di Rovereto,,,,,,,,,,,,,,,,,,,,
Capitolo della cattedrale di San Vigilio di Trento,,,corporateBody,,,"Capitolo della cattedrale di San Vigilio di Trento, Trento, [927] -",SIUSA,927,,,,Sede,Trento,Sede,Trento,,enti di culto,ente e associazione della chiesa cattolica,,ca-522678
"Capitolo della cattedrale di San Vigilio di Trento, Trento, [927] -",,,,,,,,,,,,,,,,,,,,
Curia vescovile di Trento,,,corporateBody,,,"Curia vescovile di Trento, Trento, sec. IV metà -",SIUSA,sec. IV metà,,,,Sede,Trento,Sede,Trento,,enti di culto,ente e associazione della chiesa cattolica,,ca-522755
"Curia vescovile di Trento, Trento, sec. IV metà -",,,,,,,,,,,,,,,,,,,,
Zenatti,,,person,Albino,Zenatti,"Zenatti, Albino, erudito, storico, letterato, (Trieste 1859 - Roma 1915)",SIUSA,,,1859 dic 09,1915 ago 06,luogo di nascita,Trieste,luogo di nascita,Trieste,"letterato, storico, erudito",,,maschile,ca-522763
Albino,,,,,,,,,,,,,,luogo di morte,Roma,,,,,
"Zenatti, Albino, erudito, storico, letterato, (Trieste 1859 - Roma 1915)",,,,,,,,,,,,,,,,,,,,
Biblioteca civica G. Tartarotti di Rovereto,,,corporateBody,,,"Biblioteca civica G. Tartarotti di Rovereto, Rovereto (Trento), 1764 -",SIUSA,1764,,,,Sede,Rovereto (Trento),Sede,Rovereto (Trento),,pubblico,"ente di cultura, ricreativo, sportivo, turistico",,ca-522764
"Biblioteca civica G. Tartarotti di Rovereto, Rovereto (Trento), 1764 -",,,,,,,,,,,,,,,,,,,,
Convento di San Francesco di Borgo Valsugana,,,corporateBody,,,"Convento di San Francesco di Borgo Valsugana, Borgo Valsugana (Trento), 1603 - 2015",SIUSA,1603,2015,,,Sede,Borgo Valsugana (Trento),Sede,Borgo Valsugana (Trento),,enti di culto,ente e associazione della chiesa cattolica,,ca-522773
"Convento di San Francesco di Borgo Valsugana, Borgo Valsugana (Trento), 1603 - 2015",,,,,,,,,,,,,,,,,,,,
Provincia tridentina San Vigilio dei frati minori,Provincia tridentina di San Vigilio,,corporateBody,,,"Provincia tridentina San Vigilio dei frati minori, Trento, 1643 - 2016",SIUSA,1643,2016,,,Sede,Trento,Sede,Trento,,enti di culto,ente e associazione della chiesa cattolica,,ca-522775
"Provincia tridentina San Vigilio dei frati minori, Trento, 1643 - 2016",,,,,,,,,,,,,,,,,,,,
Provincia tridentina di San Vigilio,,,,,,,,,,,,,,,,,,,,
Odorizzi,,,person,Tullio,Odorizzi,"Odorizzi, Tullio, avvocato, politico, (Cles 1903 - Trento 1991)",SIUSA,,,1903 feb 20,1991 lug 07,luogo di nascita,Cles (Trento),luogo di nascita,Cles (Trento),Avvocato,,,maschile,ca-522841
Tullio,,,,,,,,,,,,,,luogo di morte,Trento,,,,,
"Odorizzi, Tullio, avvocato, politico, (Cles 1903 - Trento 1991)",,,,,,,,,,,,,,,,,,,,
Biblioteca convento San Bernardino di Trento,,,corporateBody,,,"Biblioteca convento San Bernardino di Trento, Trento, 1494 -",SIUSA,1494,,,,Sede,Trento,Sede,Trento,,privato,"ente di cultura, ricreativo, sportivo, turistico",,ca-522774
"Biblioteca convento San Bernardino di Trento, Trento, 1494 -",,,,,,,,,,,,,,,,,,,,
